"CPI All Groups for New Zealand (Qrtly-Mar/Jun/Sep/Dec)",""
"","All groups"
"2016Q1",978.792822
"2016Q2",982.871126
"2016Q3",986.133768
"2016Q4",990.212072
"2017Q1",1000.000000
"2017Q2",1000.000000
"2017Q3",1004.893964
"2017Q4",1006.000000
"2018Q1",1011.000000
"2018Q2",1015.000000
"2018Q3",1024.000000
"2018Q4",1025.000000
"2019Q1",1026.000000
"2019Q2",1032.000000
"2019Q3",1039.000000
"2019Q4",1044.000000
"2020Q1",1052.000000
"2020Q2",1047.000000
"2020Q3",1054.000000
"2020Q4",1059.000000
"2021Q1",1068.000000
"2021Q2",1082.000000
"2021Q3",1106.000000
"2021Q4",1122.000000
"2022Q1",1142.000000
"2022Q2",1161.000000
"2022Q3",1186.000000
"2022Q4",1203.000000
"2023Q1",1218.000000
"2023Q2",1231.000000
"2023Q3",1253.000000
"2023Q4",1259.000000
"2024Q1",1267.000000
"2024Q2",1272.000000
"2024Q3",1280.000000
"2024Q4",1287.000000
"2025Q1",1299.000000
"2025Q2",1306.000000
"2025Q3",1319.000000
"2025Q4",1327.000000
"2026Q1",1339.000000
"Table information:"
"Units:"
"Index, Magnitude = Units"
""
"Footnotes:"
"From the September 1999 quarter residential sections and interest are excluded."
"Percentage changes are calculated from index numbers which are unrounded prior to the June 2017 quarter."
"Base: June 2017 quarter (=1000)."
"From the September 2006 quarter, prices for fresh fruit and vegetables are seasonally unadjusted. They were seasonally adjusted until the June 2006 quarter."
" "
"Symbols:"
".. figure not available"
"C: Confidential"
"E: Early Estimate"
"P: Provisional"
"R: Revised"
"S: Suppressed"
""
"Status flags are not displayed"
""
"Table reference: "
"CPI009AA"
""
"Last updated:"
"21 April 2026 10:45am"
""
"Source: Statistics New Zealand"
"Contact: Information Centre"
"Telephone: 0508 525 525"
"Email:info@stats.govt.nz"
""
""
""
